anio,codigo_departamento,nombre_departamento,codigo_distrito,nombre_distrito,codigo_zona,nombre_zona,sector_o_tipo_gestion,cantidad_matriculados_hombre,cantidad_matriculados_mujer,total_matriculados
2023,17,Alto Paraguay,4,Bahía Negra,1,Urbana,Oficial,244,205,449
2023,17,Alto Paraguay,4,Bahía Negra,2,Rural,Privado,11,18,29
2023,17,Alto Paraguay,4,Bahía Negra,2,Rural,Oficial,88,105,193
2023,17,Alto Paraguay,5,Carmelo Peralta,2,Rural,Oficial,347,337,684
2023,17,Alto Paraguay,5,Carmelo Peralta,1,Urbana,Oficial,271,223,494
2023,17,Alto Paraguay,1,Fuerte Olimpo,1,Urbana,Oficial,401,374,775
2023,17,Alto Paraguay,1,Fuerte Olimpo,2,Rural,Privado Subvencionado,95,79,174
2023,17,Alto Paraguay,1,Fuerte Olimpo,2,Rural,Privado,4,9,13
2023,17,Alto Paraguay,1,Fuerte Olimpo,2,Rural,Oficial,235,235,470
2023,17,Alto Paraguay,1,Fuerte Olimpo,1,Urbana,Privado,6,10,16
2023,17,Alto Paraguay,2,Puerto Casado,1,Urbana,Privado,30,23,53
2023,17,Alto Paraguay,2,Puerto Casado,1,Urbana,Oficial,324,348,672
2023,17,Alto Paraguay,2,Puerto Casado,2,Rural,Privado Subvencionado,83,94,177
2023,17,Alto Paraguay,2,Puerto Casado,2,Rural,Privado,28,23,51
2023,17,Alto Paraguay,2,Puerto Casado,2,Rural,Oficial,244,252,496
2023,17,Alto Paraguay,2,Puerto Casado,1,Urbana,Privado Subvencionado,167,141,308
2023,10,Alto Paraná,1,Ciudad del Este,2,Rural,Oficial,12,11,23
2023,10,Alto Paraná,1,Ciudad del Este,1,Urbana,Oficial,33446,35997,69443
2023,10,Alto Paraná,1,Ciudad del Este,1,Urbana,Privado,8669,9323,17992
2023,10,Alto Paraná,1,Ciudad del Este,1,Urbana,Privado Subvencionado,1570,1563,3133
2023,10,Alto Paraná,3,Domingo Martínez de Irala,2,Rural,Oficial,474,414,888
2023,10,Alto Paraná,3,Domingo Martínez de Irala,1,Urbana,Oficial,164,176,340
2023,10,Alto Paraná,4,Dr. Juan León Mallorquín,1,Urbana,Privado Subvencionado,475,535,1010
2023,10,Alto Paraná,4,Dr. Juan León Mallorquín,1,Urbana,Oficial,1089,1063,2152
2023,10,Alto Paraná,4,Dr. Juan León Mallorquín,1,Urbana,Privado,88,184,272
2023,10,Alto Paraná,4,Dr. Juan León Mallorquín,2,Rural,Oficial,595,561,1156
2023,10,Alto Paraná,22,Dr. Raúl Peña,1,Urbana,Oficial,114,116,230
2023,10,Alto Paraná,22,Dr. Raúl Peña,2,Rural,Oficial,700,651,1351
2023,10,Alto Paraná,5,Hernandarias,2,Rural,Privado,49,74,123
2023,10,Alto Paraná,5,Hernandarias,1,Urbana,Privado Subvencionado,348,383,731
2023,10,Alto Paraná,5,Hernandarias,2,Rural,Oficial,1520,1471,2991
2023,10,Alto Paraná,5,Hernandarias,2,Rural,Privado Subvencionado,357,370,727
2023,10,Alto Paraná,5,Hernandarias,1,Urbana,Oficial,7419,7245,14664
2023,10,Alto Paraná,5,Hernandarias,1,Urbana,Privado,1221,1250,2471
2023,10,Alto Paraná,19,Iruña,1,Urbana,Oficial,153,157,310
2023,10,Alto Paraná,19,Iruña,1,Urbana,Privado,51,28,79
2023,10,Alto Paraná,19,Iruña,2,Rural,Oficial,227,194,421
2023,10,Alto Paraná,6,Itakyry,2,Rural,Oficial,2907,2814,5721
2023,10,Alto Paraná,6,Itakyry,1,Urbana,Oficial,567,597,1164
2023,10,Alto Paraná,6,Itakyry,1,Urbana,Privado Subvencionado,181,175,356
2023,10,Alto Paraná,6,Itakyry,2,Rural,Privado,16,13,29
2023,10,Alto Paraná,7,Juan E. O'Leary,1,Urbana,Privado Subvencionado,3,48,51
2023,10,Alto Paraná,7,Juan E. O'Leary,1,Urbana,Oficial,648,634,1282
2023,10,Alto Paraná,7,Juan E. O'Leary,1,Urbana,Privado,39,92,131
2023,10,Alto Paraná,7,Juan E. O'Leary,2,Rural,Oficial,1646,1534,3180
2023,10,Alto Paraná,7,Juan E. O'Leary,2,Rural,Privado Subvencionado,38,13,51
2023,10,Alto Paraná,10,Los Cedrales,1,Urbana,Privado Subvencionado,97,76,173
2023,10,Alto Paraná,10,Los Cedrales,2,Rural,Oficial,845,844,1689
2023,10,Alto Paraná,10,Los Cedrales,2,Rural,Privado,3,15,18
2023,10,Alto Paraná,17,Mbaracayú,1,Urbana,Oficial,134,150,284
2023,10,Alto Paraná,17,Mbaracayú,2,Rural,Oficial,553,527,1080
2023,10,Alto Paraná,11,Minga Guazú,2,Rural,Privado Subvencionado,830,783,1613
2023,10,Alto Paraná,11,Minga Guazú,2,Rural,Privado,103,103,206
2023,10,Alto Paraná,11,Minga Guazú,1,Urbana,Oficial,4127,4081,8208
2023,10,Alto Paraná,11,Minga Guazú,1,Urbana,Privado,515,516,1031
2023,10,Alto Paraná,11,Minga Guazú,1,Urbana,Privado Subvencionado,940,1097,2037
2023,10,Alto Paraná,11,Minga Guazú,2,Rural,Oficial,5084,4743,9827
2023,10,Alto Paraná,16,Minga Porá,1,Urbana,Oficial,579,530,1109
2023,10,Alto Paraná,16,Minga Porá,2,Rural,Oficial,1238,1223,2461
2023,10,Alto Paraná,16,Minga Porá,1,Urbana,Privado,2,9,11
2023,10,Alto Paraná,8,Ñacunday,2,Rural,Oficial,730,756,1486
2023,10,Alto Paraná,8,Ñacunday,1,Urbana,Oficial,189,165,354
2023,10,Alto Paraná,14,Naranjal,2,Rural,Oficial,251,234,485
2023,10,Alto Paraná,14,Naranjal,1,Urbana,Oficial,343,377,720
2023,10,Alto Paraná,14,Naranjal,1,Urbana,Privado,41,28,69
2023,10,Alto Paraná,2,Presidente Franco,1,Urbana,Privado,780,811,1591
2023,10,Alto Paraná,2,Presidente Franco,2,Rural,Oficial,2271,2234,4505
2023,10,Alto Paraná,2,Presidente Franco,1,Urbana,Oficial,7101,7011,14112
2023,10,Alto Paraná,2,Presidente Franco,2,Rural,Privado,26,26,52
2023,10,Alto Paraná,2,Presidente Franco,1,Urbana,Privado Subvencionado,441,442,883
2023,10,Alto Paraná,18,San Alberto,1,Urbana,Oficial,835,901,1736
2023,10,Alto Paraná,18,San Alberto,1,Urbana,Privado,60,79,139
2023,10,Alto Paraná,18,San Alberto,1,Urbana,Privado Subvencionado,376,345,721
2023,10,Alto Paraná,18,San Alberto,2,Rural,Oficial,209,270,479
2023,10,Alto Paraná,12,San Cristóbal,1,Urbana,Oficial,202,239,441
2023,10,Alto Paraná,12,San Cristóbal,1,Urbana,Privado,144,155,299
2023,10,Alto Paraná,12,San Cristóbal,2,Rural,Oficial,764,745,1509
2023,10,Alto Paraná,12,San Cristóbal,2,Rural,Privado,77,87,164
2023,10,Alto Paraná,20,Santa Fe del Paraná,2,Rural,Oficial,189,179,368
2023,10,Alto Paraná,20,Santa Fe del Paraná,1,Urbana,Oficial,232,242,474
2023,10,Alto Paraná,20,Santa Fe del Paraná,2,Rural,Privado,63,57,120
2023,10,Alto Paraná,13,Santa Rita,2,Rural,Oficial,1292,1185,2477
2023,10,Alto Paraná,13,Santa Rita,1,Urbana,Privado,333,529,862
2023,10,Alto Paraná,13,Santa Rita,1,Urbana,Privado Subvencionado,548,533,1081
2023,10,Alto Paraná,13,Santa Rita,1,Urbana,Oficial,1491,1536,3027
2023,10,Alto Paraná,15,Santa Rosa del Monday,1,Urbana,Privado,48,52,100
2023,10,Alto Paraná,15,Santa Rosa del Monday,1,Urbana,Privado Subvencionado,101,92,193
2023,10,Alto Paraná,15,Santa Rosa del Monday,2,Rural,Oficial,181,172,353
2023,10,Alto Paraná,15,Santa Rosa del Monday,1,Urbana,Oficial,333,315,648
2023,10,Alto Paraná,21,Tavapy,2,Rural,Oficial,406,380,786
2023,10,Alto Paraná,21,Tavapy,1,Urbana,Oficial,493,482,975
2023,10,Alto Paraná,9,Yguazú,2,Rural,Privado Subvencionado,198,200,398
2023,10,Alto Paraná,9,Yguazú,1,Urbana,Oficial,567,662,1229
2023,10,Alto Paraná,9,Yguazú,2,Rural,Oficial,404,393,797
2023,10,Alto Paraná,9,Yguazú,2,Rural,Privado,53,63,116
2023,13,Amambay,2,Bella Vista,1,Urbana,Privado Subvencionado,180,187,367
2023,13,Amambay,2,Bella Vista,1,Urbana,Oficial,528,604,1132
2023,13,Amambay,2,Bella Vista,2,Rural,Oficial,394,405,799
2023,13,Amambay,3,Capitán Bado,2,Rural,Oficial,752,730,1482
2023,13,Amambay,3,Capitán Bado,1,Urbana,Privado,142,182,324
2023,13,Amambay,3,Capitán Bado,1,Urbana,Oficial,1064,1085,2149
2023,13,Amambay,6,Cerro Corá,2,Rural,Oficial,1130,1203,2333
2023,13,Amambay,5,Karapai,2,Rural,Oficial,256,253,509
2023,13,Amambay,5,Karapai,1,Urbana,Oficial,366,355,721
2023,13,Amambay,1,Pedro Juan Caballero,1,Urbana,Privado Subvencionado,1203,1210,2413
2023,13,Amambay,1,Pedro Juan Caballero,2,Rural,Privado,15,10,25
2023,13,Amambay,1,Pedro Juan Caballero,1,Urbana,Oficial,9095,9309,18404
2023,13,Amambay,1,Pedro Juan Caballero,1,Urbana,Privado,1756,1659,3415
2023,13,Amambay,1,Pedro Juan Caballero,2,Rural,Oficial,1692,1794,3486
2023,13,Amambay,4,Zanja Pyta,2,Rural,Oficial,232,236,468
2023,13,Amambay,4,Zanja Pyta,1,Urbana,Oficial,168,135,303
2023,16,Boquerón,6,Boquerón,1,Urbana,Oficial,5,18,23
2023,16,Boquerón,6,Boquerón,2,Rural,Privado Subvencionado,437,333,770
2023,16,Boquerón,6,Boquerón,2,Rural,Oficial,1234,1271,2505
2023,16,Boquerón,6,Boquerón,2,Rural,Privado,250,265,515
2023,16,Boquerón,4,Filadelfia,1,Urbana,Oficial,1233,1329,2562
2023,16,Boquerón,4,Filadelfia,2,Rural,Privado,81,85,166
2023,16,Boquerón,4,Filadelfia,2,Rural,Privado Subvencionado,16,14,30
2023,16,Boquerón,4,Filadelfia,1,Urbana,Privado Subvencionado,421,431,852
2023,16,Boquerón,4,Filadelfia,2,Rural,Oficial,163,154,317
2023,16,Boquerón,4,Filadelfia,1,Urbana,Privado,391,403,794
2023,16,Boquerón,5,Loma Plata,1,Urbana,Oficial,573,665,1238
2023,16,Boquerón,5,Loma Plata,2,Rural,Privado Subvencionado,246,267,513
2023,16,Boquerón,5,Loma Plata,2,Rural,Privado,241,224,465
2023,16,Boquerón,5,Loma Plata,2,Rural,Oficial,1136,1101,2237
2023,16,Boquerón,5,Loma Plata,1,Urbana,Privado,837,753,1590
2023,16,Boquerón,2,Mariscal Estigarribia,1,Urbana,Oficial,45,55,100
2023,16,Boquerón,2,Mariscal Estigarribia,2,Rural,Privado Subvencionado,527,520,1047
2023,16,Boquerón,2,Mariscal Estigarribia,1,Urbana,Privado,68,56,124
2023,16,Boquerón,2,Mariscal Estigarribia,2,Rural,Privado,158,127,285
2023,16,Boquerón,2,Mariscal Estigarribia,2,Rural,Oficial,719,675,1394
2023,16,Boquerón,2,Mariscal Estigarribia,1,Urbana,Privado Subvencionado,191,198,389
2023,5,Caaguazú,18,3 de Febrero,2,Rural,Oficial,572,532,1104
2023,5,Caaguazú,18,3 de Febrero,1,Urbana,Oficial,278,297,575
2023,5,Caaguazú,2,Caaguazú,2,Rural,Oficial,3932,3656,7588
2023,5,Caaguazú,2,Caaguazú,1,Urbana,Oficial,8379,7997,16376
2023,5,Caaguazú,2,Caaguazú,1,Urbana,Privado,391,834,1225
2023,5,Caaguazú,2,Caaguazú,1,Urbana,Privado Subvencionado,1179,1325,2504
2023,5,Caaguazú,3,Carayaó,1,Urbana,Oficial,442,426,868
2023,5,Caaguazú,3,Carayaó,2,Rural,Oficial,1175,1039,2214
2023,5,Caaguazú,1,Coronel Oviedo,2,Rural,Privado Subvencionado,114,110,224
2023,5,Caaguazú,1,Coronel Oviedo,2,Rural,Oficial,2855,2863,5718
2023,5,Caaguazú,1,Coronel Oviedo,2,Rural,Privado,230,95,325
2023,5,Caaguazú,1,Coronel Oviedo,1,Urbana,Privado,258,637,895
2023,5,Caaguazú,1,Coronel Oviedo,1,Urbana,Oficial,7520,7367,14887
2023,5,Caaguazú,1,Coronel Oviedo,1,Urbana,Privado Subvencionado,2666,2751,5417
2023,5,Caaguazú,4,Dr. Cecilio Báez,1,Urbana,Oficial,318,312,630
2023,5,Caaguazú,4,Dr. Cecilio Báez,1,Urbana,Privado Subvencionado,43,67,110
2023,5,Caaguazú,4,Dr. Cecilio Báez,2,Rural,Oficial,399,410,809
2023,5,Caaguazú,12,Dr. Juan Eulogio Estigarribia,1,Urbana,Privado Subvencionado,731,674,1405
2023,5,Caaguazú,12,Dr. Juan Eulogio Estigarribia,2,Rural,Privado,190,233,423
2023,5,Caaguazú,12,Dr. Juan Eulogio Estigarribia,2,Rural,Oficial,1895,1788,3683
2023,5,Caaguazú,12,Dr. Juan Eulogio Estigarribia,1,Urbana,Privado,180,211,391
2023,5,Caaguazú,12,Dr. Juan Eulogio Estigarribia,1,Urbana,Oficial,2011,1949,3960
2023,5,Caaguazú,6,Dr. Juan Manuel Frutos,2,Rural,Oficial,1640,1570,3210
2023,5,Caaguazú,6,Dr. Juan Manuel Frutos,1,Urbana,Oficial,1131,949,2080
2023,5,Caaguazú,6,Dr. Juan Manuel Frutos,1,Urbana,Privado,6,41,47
2023,5,Caaguazú,15,José Domingo Ocampos,1,Urbana,Oficial,279,339,618
2023,5,Caaguazú,15,José Domingo Ocampos,1,Urbana,Privado,14,30,44
2023,5,Caaguazú,15,José Domingo Ocampos,2,Rural,Oficial,679,667,1346
2023,5,Caaguazú,17,La Pastora,2,Rural,Oficial,520,489,1009
2023,5,Caaguazú,16,Mariscal Francisco Solano López,2,Rural,Oficial,443,460,903
2023,5,Caaguazú,16,Mariscal Francisco Solano López,1,Urbana,Oficial,199,178,377
2023,5,Caaguazú,16,Mariscal Francisco Solano López,1,Urbana,Privado,54,88,142
2023,5,Caaguazú,8,Nueva Londres,1,Urbana,Oficial,157,151,308
2023,5,Caaguazú,8,Nueva Londres,2,Rural,Oficial,159,166,325
2023,5,Caaguazú,22,Nueva Toledo,2,Rural,Oficial,500,450,950
2023,5,Caaguazú,22,Nueva Toledo,1,Urbana,Privado,57,75,132
2023,5,Caaguazú,22,Nueva Toledo,1,Urbana,Oficial,159,191,350
2023,5,Caaguazú,14,Raúl Arsenio Oviedo,2,Rural,Oficial,1270,1264,2534
2023,5,Caaguazú,14,Raúl Arsenio Oviedo,2,Rural,Privado,75,63,138
2023,5,Caaguazú,14,Raúl Arsenio Oviedo,2,Rural,Privado Subvencionado,198,180,378
2023,5,Caaguazú,14,Raúl Arsenio Oviedo,1,Urbana,Oficial,433,412,845
2023,5,Caaguazú,7,Repatriación,2,Rural,Oficial,3014,2857,5871
2023,5,Caaguazú,7,Repatriación,1,Urbana,Oficial,581,571,1152
2023,5,Caaguazú,7,Repatriación,1,Urbana,Privado Subvencionado,6,26,32
2023,5,Caaguazú,13,R.I. 3 Corrales,1,Urbana,Oficial,176,173,349
2023,5,Caaguazú,13,R.I. 3 Corrales,2,Rural,Oficial,587,568,1155
2023,5,Caaguazú,9,San Joaquín,1,Urbana,Privado Subvencionado,202,163,365
2023,5,Caaguazú,9,San Joaquín,1,Urbana,Oficial,285,257,542
2023,5,Caaguazú,9,San Joaquín,2,Rural,Oficial,1107,1099,2206
2023,5,Caaguazú,10,San José de los Arroyos,2,Rural,Oficial,829,727,1556
2023,5,Caaguazú,10,San José de los Arroyos,1,Urbana,Oficial,618,543,1161
2023,5,Caaguazú,10,San José de los Arroyos,1,Urbana,Privado Subvencionado,327,353,680
2023,5,Caaguazú,5,Santa Rosa del Mbutuy,2,Rural,Oficial,1110,1034,2144
2023,5,Caaguazú,5,Santa Rosa del Mbutuy,1,Urbana,Oficial,266,251,517
2023,5,Caaguazú,19,Simón Bolívar,1,Urbana,Oficial,251,252,503
2023,5,Caaguazú,19,Simón Bolívar,2,Rural,Oficial,297,274,571
2023,5,Caaguazú,21,Tembiaporá,1,Urbana,Oficial,351,351,702
2023,5,Caaguazú,21,Tembiaporá,2,Rural,Oficial,1469,1500,2969
2023,5,Caaguazú,21,Tembiaporá,1,Urbana,Privado,50,67,117
2023,5,Caaguazú,20,Vaquería,2,Rural,Oficial,815,807,1622
2023,5,Caaguazú,20,Vaquería,1,Urbana,Oficial,745,743,1488
2023,5,Caaguazú,11,Yhú,2,Rural,Oficial,3147,3018,6165
2023,5,Caaguazú,11,Yhú,1,Urbana,Oficial,282,327,609
2023,6,Caazapá,11,3 de Mayo,1,Urbana,Oficial,192,177,369
2023,6,Caazapá,11,3 de Mayo,2,Rural,Oficial,1767,1563,3330
2023,6,Caazapá,11,3 de Mayo,2,Rural,Privado,21,25,46
2023,6,Caazapá,2,Abaí,2,Rural,Privado Subvencionado,115,128,243
2023,6,Caazapá,2,Abaí,2,Rural,Privado,30,28,58
2023,6,Caazapá,2,Abaí,2,Rural,Oficial,3024,2847,5871
2023,6,Caazapá,2,Abaí,1,Urbana,Privado,2,3,5
2023,6,Caazapá,2,Abaí,1,Urbana,Oficial,354,395,749
2023,6,Caazapá,3,Buena Vista,2,Rural,Oficial,274,235,509
2023,6,Caazapá,3,Buena Vista,1,Urbana,Oficial,367,337,704
2023,6,Caazapá,1,Caazapá,2,Rural,Oficial,1667,1552,3219
2023,6,Caazapá,1,Caazapá,1,Urbana,Privado Subvencionado,315,358,673
2023,6,Caazapá,1,Caazapá,1,Urbana,Privado,199,205,404
2023,6,Caazapá,1,Caazapá,1,Urbana,Oficial,718,732,1450
2023,6,Caazapá,4,Dr. Moisés S. Bertoni,2,Rural,Oficial,300,294,594
2023,6,Caazapá,4,Dr. Moisés S. Bertoni,1,Urbana,Oficial,171,174,345
2023,6,Caazapá,9,Fulgencio Yegros,1,Urbana,Oficial,209,237,446
2023,6,Caazapá,9,Fulgencio Yegros,2,Rural,Oficial,414,369,783
2023,6,Caazapá,5,General Higinio Morínigo,1,Urbana,Oficial,121,120,241
2023,6,Caazapá,5,General Higinio Morínigo,1,Urbana,Privado Subvencionado,58,66,124
2023,6,Caazapá,5,General Higinio Morínigo,2,Rural,Oficial,483,505,988
2023,6,Caazapá,6,Maciel,1,Urbana,Oficial,113,103,216
2023,6,Caazapá,6,Maciel,2,Rural,Oficial,310,243,553
2023,6,Caazapá,7,San Juan Nepomuceno,1,Urbana,Privado,59,107,166
2023,6,Caazapá,7,San Juan Nepomuceno,2,Rural,Privado,34,46,80
2023,6,Caazapá,7,San Juan Nepomuceno,1,Urbana,Privado Subvencionado,47,48,95
2023,6,Caazapá,7,San Juan Nepomuceno,2,Rural,Oficial,2677,2522,5199
2023,6,Caazapá,7,San Juan Nepomuceno,1,Urbana,Oficial,1562,1683,3245
2023,6,Caazapá,8,Tavaí,1,Urbana,Oficial,72,84,156
2023,6,Caazapá,8,Tavaí,2,Rural,Oficial,2212,2211,4423
2023,6,Caazapá,10,Yuty,1,Urbana,Privado,13,68,81
2023,6,Caazapá,10,Yuty,2,Rural,Oficial,1086,975,2061
2023,6,Caazapá,10,Yuty,1,Urbana,Privado Subvencionado,136,150,286
2023,6,Caazapá,10,Yuty,1,Urbana,Oficial,654,694,1348
2023,14,Canindeyú,2,Corpus Christi,1,Urbana,Oficial,388,389,777
2023,14,Canindeyú,2,Corpus Christi,2,Rural,Oficial,461,462,923
2023,14,Canindeyú,2,Corpus Christi,2,Rural,Privado,6,10,16
2023,14,Canindeyú,3,Curuguaty,1,Urbana,Privado Subvencionado,61,20,81
2023,14,Canindeyú,3,Curuguaty,1,Urbana,Oficial,2199,2262,4461
2023,14,Canindeyú,3,Curuguaty,1,Urbana,Privado,278,359,637
2023,14,Canindeyú,3,Curuguaty,2,Rural,Oficial,2778,2636,5414
2023,14,Canindeyú,7,Francisco Caballero Alvarez,2,Rural,Oficial,389,354,743
2023,14,Canindeyú,7,Francisco Caballero Alvarez,1,Urbana,Oficial,599,668,1267
2023,14,Canindeyú,5,Itanará,2,Rural,Oficial,132,131,263
2023,14,Canindeyú,5,Itanará,1,Urbana,Oficial,134,151,285
2023,14,Canindeyú,8,Katueté,1,Urbana,Privado,110,113,223
2023,14,Canindeyú,8,Katueté,2,Rural,Oficial,271,220,491
2023,14,Canindeyú,8,Katueté,2,Rural,Privado,50,28,78
2023,14,Canindeyú,8,Katueté,1,Urbana,Privado Subvencionado,17,21,38
2023,14,Canindeyú,8,Katueté,1,Urbana,Oficial,905,969,1874
2023,14,Canindeyú,9,La Paloma del Espíritu Santo,2,Rural,Oficial,131,124,255
2023,14,Canindeyú,9,La Paloma del Espíritu Santo,1,Urbana,Oficial,568,579,1147
2023,14,Canindeyú,9,La Paloma del Espíritu Santo,1,Urbana,Privado,123,144,267
2023,14,Canindeyú,9,La Paloma del Espíritu Santo,1,Urbana,Privado Subvencionado,108,105,213
2023,14,Canindeyú,16,Laurel,2,Rural,Oficial,231,199,430
2023,14,Canindeyú,16,Laurel,1,Urbana,Oficial,17,11,28
2023,14,Canindeyú,14,Maracana,2,Rural,Oficial,1981,1902,3883
2023,14,Canindeyú,14,Maracana,2,Rural,Privado,40,32,72
2023,14,Canindeyú,10,Nueva Esperanza,2,Rural,Privado,4,3,7
2023,14,Canindeyú,10,Nueva Esperanza,1,Urbana,Privado,254,267,521
2023,14,Canindeyú,10,Nueva Esperanza,1,Urbana,Oficial,614,686,1300
2023,14,Canindeyú,10,Nueva Esperanza,2,Rural,Oficial,631,562,1193
2023,14,Canindeyú,15,Puerto Adela,2,Rural,Oficial,156,153,309
2023,14,Canindeyú,1,Salto del Guairá,1,Urbana,Oficial,1893,1903,3796
2023,14,Canindeyú,1,Salto del Guairá,1,Urbana,Privado Subvencionado,229,266,495
2023,14,Canindeyú,1,Salto del Guairá,1,Urbana,Privado,379,459,838
2023,14,Canindeyú,1,Salto del Guairá,2,Rural,Oficial,1234,1319,2553
2023,14,Canindeyú,4,Villa Ygatimí,2,Rural,Oficial,1322,1262,2584
2023,14,Canindeyú,4,Villa Ygatimí,1,Urbana,Oficial,526,503,1029
2023,14,Canindeyú,4,Villa Ygatimí,2,Rural,Privado,1,93,94
2023,14,Canindeyú,11,Yasy Cañy,1,Urbana,Oficial,365,400,765
2023,14,Canindeyú,11,Yasy Cañy,2,Rural,Oficial,2736,2624,5360
2023,14,Canindeyú,11,Yasy Cañy,1,Urbana,Privado,24,67,91
2023,14,Canindeyú,13,Yby Pyta,2,Rural,Oficial,1683,1631,3314
2023,14,Canindeyú,13,Yby Pyta,1,Urbana,Oficial,150,166,316
2023,14,Canindeyú,12,Ybyrarovaná,1,Urbana,Oficial,271,290,561
2023,14,Canindeyú,12,Ybyrarovaná,2,Rural,Oficial,1321,1313,2634
2023,14,Canindeyú,12,Ybyrarovaná,2,Rural,Privado,101,105,206
2023,14,Canindeyú,6,Ypejhú,1,Urbana,Oficial,276,305,581
2023,14,Canindeyú,6,Ypejhú,2,Rural,Oficial,722,694,1416
2023,0,Capital,0,Asunción,1,Urbana,Oficial,29156,28731,57887
2023,0,Capital,0,Asunción,1,Urbana,Privado Subvencionado,16181,16563,32744
2023,0,Capital,0,Asunción,1,Urbana,Privado,20090,20501,40591
2023,11,Central,1,Areguá,2,Rural,Oficial,4644,4366,9010
2023,11,Central,1,Areguá,1,Urbana,Oficial,2063,1969,4032
2023,11,Central,1,Areguá,1,Urbana,Privado,175,201,376
2023,11,Central,1,Areguá,2,Rural,Privado,51,47,98
2023,11,Central,1,Areguá,2,Rural,Privado Subvencionado,1242,1274,2516
2023,11,Central,1,Areguá,1,Urbana,Privado Subvencionado,876,915,1791
2023,11,Central,2,Capiatá,1,Urbana,Privado Subvencionado,2431,2389,4820
2023,11,Central,2,Capiatá,1,Urbana,Oficial,22833,21940,44773
2023,11,Central,2,Capiatá,1,Urbana,Privado,3055,3151,6206
2023,11,Central,2,Capiatá,2,Rural,Oficial,131,107,238
2023,11,Central,3,Fernando de la Mora,1,Urbana,Oficial,6531,6299,12830
2023,11,Central,3,Fernando de la Mora,1,Urbana,Privado Subvencionado,1579,1719,3298
2023,11,Central,3,Fernando de la Mora,1,Urbana,Privado,4030,3693,7723
2023,11,Central,4,Guarambaré,1,Urbana,Oficial,2085,1944,4029
2023,11,Central,4,Guarambaré,1,Urbana,Privado,297,288,585
2023,11,Central,4,Guarambaré,2,Rural,Oficial,754,728,1482
2023,11,Central,4,Guarambaré,1,Urbana,Privado Subvencionado,563,642,1205
2023,11,Central,5,Itá,2,Rural,Privado Subvencionado,52,56,108
2023,11,Central,5,Itá,1,Urbana,Oficial,3179,3061,6240
2023,11,Central,5,Itá,1,Urbana,Privado,417,407,824
2023,11,Central,5,Itá,1,Urbana,Privado Subvencionado,1101,1124,2225
2023,11,Central,5,Itá,2,Rural,Oficial,4345,3976,8321
2023,11,Central,6,Itauguá,2,Rural,Privado,366,328,694
2023,11,Central,6,Itauguá,1,Urbana,Oficial,7209,6787,13996
2023,11,Central,6,Itauguá,1,Urbana,Privado Subvencionado,148,142,290
2023,11,Central,6,Itauguá,1,Urbana,Privado,599,719,1318
2023,11,Central,6,Itauguá,2,Rural,Oficial,2463,2328,4791
2023,11,Central,19,Julián Augusto Saldívar,1,Urbana,Oficial,1418,1405,2823
2023,11,Central,19,Julián Augusto Saldívar,2,Rural,Privado Subvencionado,591,565,1156
2023,11,Central,19,Julián Augusto Saldívar,1,Urbana,Privado Subvencionado,492,507,999
2023,11,Central,19,Julián Augusto Saldívar,2,Rural,Oficial,4677,4644,9321
2023,11,Central,19,Julián Augusto Saldívar,2,Rural,Privado,718,727,1445
2023,11,Central,19,Julián Augusto Saldívar,1,Urbana,Privado,0,8,8
2023,11,Central,7,Lambaré,1,Urbana,Privado Subvencionado,1764,1734,3498
2023,11,Central,7,Lambaré,1,Urbana,Privado,2669,2812,5481
2023,11,Central,7,Lambaré,1,Urbana,Oficial,6364,6229,12593
2023,11,Central,8,Limpio,1,Urbana,Privado Subvencionado,2315,2283,4598
2023,11,Central,8,Limpio,1,Urbana,Privado,1398,1404,2802
2023,11,Central,8,Limpio,1,Urbana,Oficial,14394,13791,28185
2023,11,Central,9,Luque,1,Urbana,Privado,3298,3213,6511
2023,11,Central,9,Luque,1,Urbana,Oficial,21162,20325,41487
2023,11,Central,9,Luque,2,Rural,Privado,69,45,114
2023,11,Central,9,Luque,2,Rural,Oficial,1354,1216,2570
2023,11,Central,9,Luque,1,Urbana,Privado Subvencionado,4801,4749,9550
2023,11,Central,10,Mariano Roque Alonso,1,Urbana,Privado,965,991,1956
2023,11,Central,10,Mariano Roque Alonso,1,Urbana,Oficial,6280,5830,12110
2023,11,Central,10,Mariano Roque Alonso,1,Urbana,Privado Subvencionado,1165,1177,2342
2023,11,Central,12,Ñemby,1,Urbana,Oficial,11170,11151,22321
2023,11,Central,12,Ñemby,1,Urbana,Privado Subvencionado,1375,1294,2669
2023,11,Central,12,Ñemby,1,Urbana,Privado,2294,2380,4674
2023,11,Central,11,Nueva Italia,1,Urbana,Privado Subvencionado,136,154,290
2023,11,Central,11,Nueva Italia,2,Rural,Oficial,366,329,695
2023,11,Central,11,Nueva Italia,1,Urbana,Oficial,614,591,1205
2023,11,Central,11,Nueva Italia,2,Rural,Privado Subvencionado,202,205,407
2023,11,Central,13,San Antonio,1,Urbana,Oficial,4974,4710,9684
2023,11,Central,13,San Antonio,1,Urbana,Privado Subvencionado,210,190,400
2023,11,Central,13,San Antonio,1,Urbana,Privado,673,653,1326
2023,11,Central,14,San Lorenzo,1,Urbana,Privado,5090,5056,10146
2023,11,Central,14,San Lorenzo,1,Urbana,Privado Subvencionado,2709,2475,5184
2023,11,Central,14,San Lorenzo,1,Urbana,Oficial,17331,17295,34626
2023,11,Central,15,Villa Elisa,1,Urbana,Oficial,5099,4953,10052
2023,11,Central,15,Villa Elisa,1,Urbana,Privado,1014,923,1937
2023,11,Central,15,Villa Elisa,1,Urbana,Privado Subvencionado,1069,1070,2139
2023,11,Central,16,Villeta,1,Urbana,Privado Subvencionado,291,273,564
2023,11,Central,16,Villeta,1,Urbana,Oficial,1789,1758,3547
2023,11,Central,16,Villeta,1,Urbana,Privado,146,116,262
2023,11,Central,16,Villeta,2,Rural,Oficial,2256,2094,4350
2023,11,Central,17,Ypacaraí,2,Rural,Privado,0,17,17
2023,11,Central,17,Ypacaraí,1,Urbana,Oficial,1232,1237,2469
2023,11,Central,17,Ypacaraí,1,Urbana,Privado,309,321,630
2023,11,Central,17,Ypacaraí,1,Urbana,Privado Subvencionado,57,57,114
2023,11,Central,17,Ypacaraí,2,Rural,Oficial,786,754,1540
2023,11,Central,17,Ypacaraí,2,Rural,Privado Subvencionado,319,343,662
2023,11,Central,18,Ypané,1,Urbana,Oficial,2549,2545,5094
2023,11,Central,18,Ypané,2,Rural,Privado,236,239,475
2023,11,Central,18,Ypané,2,Rural,Privado Subvencionado,117,107,224
2023,11,Central,18,Ypané,2,Rural,Oficial,4421,4017,8438
2023,11,Central,18,Ypané,1,Urbana,Privado Subvencionado,625,548,1173
2023,11,Central,18,Ypané,1,Urbana,Privado,197,181,378
2023,1,Concepción,12,Arroyito,2,Rural,Privado Subvencionado,221,185,406
2023,1,Concepción,12,Arroyito,2,Rural,Oficial,1111,1095,2206
2023,1,Concepción,8,Azotey,2,Rural,Oficial,597,622,1219
2023,1,Concepción,8,Azotey,1,Urbana,Oficial,353,409,762
2023,1,Concepción,8,Azotey,1,Urbana,Privado Subvencionado,80,93,173
2023,1,Concepción,2,Belén,1,Urbana,Oficial,402,355,757
2023,1,Concepción,2,Belén,2,Rural,Oficial,1368,1239,2607
2023,1,Concepción,1,Concepción,2,Rural,Privado Subvencionado,32,45,77
2023,1,Concepción,1,Concepción,1,Urbana,Oficial,4764,4796,9560
2023,1,Concepción,1,Concepción,2,Rural,Oficial,1395,1132,2527
2023,1,Concepción,1,Concepción,1,Urbana,Privado Subvencionado,4060,4086,8146
2023,1,Concepción,1,Concepción,1,Urbana,Privado,419,487,906
2023,1,Concepción,3,Horqueta,2,Rural,Privado Subvencionado,73,73,146
2023,1,Concepción,3,Horqueta,2,Rural,Oficial,3328,3194,6522
2023,1,Concepción,3,Horqueta,1,Urbana,Privado Subvencionado,739,765,1504
2023,1,Concepción,3,Horqueta,1,Urbana,Oficial,1327,1381,2708
2023,1,Concepción,3,Horqueta,1,Urbana,Privado,36,73,109
2023,1,Concepción,14,Itacuá,2,Rural,Oficial,325,363,688
2023,1,Concepción,4,Loreto,1,Urbana,Oficial,896,833,1729
2023,1,Concepción,4,Loreto,1,Urbana,Privado,28,39,67
2023,1,Concepción,4,Loreto,2,Rural,Oficial,1141,1091,2232
2023,1,Concepción,11,Paso Barreto,1,Urbana,Oficial,239,277,516
2023,1,Concepción,11,Paso Barreto,2,Rural,Oficial,292,310,602
2023,1,Concepción,13,Paso Horqueta,2,Rural,Oficial,1107,1080,2187
2023,1,Concepción,10,San Alfredo,2,Rural,Oficial,58,69,127
2023,1,Concepción,10,San Alfredo,1,Urbana,Oficial,259,255,514
2023,1,Concepción,5,San Carlos del Apa,1,Urbana,Oficial,93,92,185
2023,1,Concepción,6,San Lázaro,2,Rural,Privado Subvencionado,127,133,260
2023,1,Concepción,6,San Lázaro,1,Urbana,Privado,25,36,61
2023,1,Concepción,6,San Lázaro,2,Rural,Oficial,1369,1447,2816
2023,1,Concepción,6,San Lázaro,2,Rural,Privado,74,105,179
2023,1,Concepción,6,San Lázaro,1,Urbana,Oficial,107,93,200
2023,1,Concepción,9,Sargento José Félix López,2,Rural,Oficial,325,283,608
2023,1,Concepción,9,Sargento José Félix López,1,Urbana,Oficial,574,654,1228
2023,1,Concepción,9,Sargento José Félix López,2,Rural,Privado Subvencionado,9,6,15
2023,1,Concepción,7,Yby Yaú,2,Rural,Privado,8,8,16
2023,1,Concepción,7,Yby Yaú,2,Rural,Oficial,1819,1843,3662
2023,1,Concepción,7,Yby Yaú,1,Urbana,Privado Subvencionado,4,92,96
2023,1,Concepción,7,Yby Yaú,1,Urbana,Oficial,1248,1231,2479
2023,3,Cordillera,15,1º de Marzo,1,Urbana,Oficial,175,133,308
2023,3,Cordillera,15,1º de Marzo,2,Rural,Oficial,375,322,697
2023,3,Cordillera,2,Altos,1,Urbana,Oficial,781,778,1559
2023,3,Cordillera,2,Altos,2,Rural,Oficial,533,531,1064
2023,3,Cordillera,2,Altos,1,Urbana,Privado Subvencionado,220,228,448
2023,3,Cordillera,3,Arroyos y Esteros,1,Urbana,Privado Subvencionado,150,137,287
2023,3,Cordillera,3,Arroyos y Esteros,2,Rural,Oficial,1787,1671,3458
2023,3,Cordillera,3,Arroyos y Esteros,2,Rural,Privado,27,29,56
2023,3,Cordillera,3,Arroyos y Esteros,1,Urbana,Oficial,592,630,1222
2023,3,Cordillera,4,Atyrá,2,Rural,Oficial,1050,1064,2114
2023,3,Cordillera,4,Atyrá,1,Urbana,Oficial,923,845,1768
2023,3,Cordillera,1,Caacupé,1,Urbana,Oficial,3083,2934,6017
2023,3,Cordillera,1,Caacupé,2,Rural,Oficial,2497,2343,4840
2023,3,Cordillera,1,Caacupé,1,Urbana,Privado,107,194,301
2023,3,Cordillera,1,Caacupé,1,Urbana,Privado Subvencionado,683,723,1406
2023,3,Cordillera,5,Caraguatay,1,Urbana,Privado Subvencionado,238,329,567
2023,3,Cordillera,5,Caraguatay,1,Urbana,Oficial,268,256,524
2023,3,Cordillera,5,Caraguatay,2,Rural,Oficial,639,583,1222
2023,3,Cordillera,5,Caraguatay,2,Rural,Privado Subvencionado,22,9,31
2023,3,Cordillera,6,Emboscada,1,Urbana,Oficial,1120,1158,2278
2023,3,Cordillera,6,Emboscada,2,Rural,Privado Subvencionado,351,394,745
2023,3,Cordillera,6,Emboscada,2,Rural,Oficial,1289,939,2228
2023,3,Cordillera,6,Emboscada,1,Urbana,Privado,7,8,15
2023,3,Cordillera,7,Eusebio Ayala,1,Urbana,Oficial,1125,1038,2163
2023,3,Cordillera,7,Eusebio Ayala,1,Urbana,Privado,26,33,59
2023,3,Cordillera,7,Eusebio Ayala,1,Urbana,Privado Subvencionado,396,386,782
2023,3,Cordillera,7,Eusebio Ayala,2,Rural,Oficial,793,722,1515
2023,3,Cordillera,8,Isla Pucú,2,Rural,Privado Subvencionado,38,33,71
2023,3,Cordillera,8,Isla Pucú,1,Urbana,Oficial,251,252,503
2023,3,Cordillera,8,Isla Pucú,1,Urbana,Privado Subvencionado,73,60,133
2023,3,Cordillera,8,Isla Pucú,2,Rural,Oficial,323,330,653
2023,3,Cordillera,9,Itacurubí de la Cordillera,2,Rural,Oficial,335,292,627
2023,3,Cordillera,9,Itacurubí de la Cordillera,1,Urbana,Privado Subvencionado,91,112,203
2023,3,Cordillera,9,Itacurubí de la Cordillera,2,Rural,Privado Subvencionado,18,9,27
2023,3,Cordillera,9,Itacurubí de la Cordillera,1,Urbana,Oficial,573,554,1127
2023,3,Cordillera,9,Itacurubí de la Cordillera,1,Urbana,Privado,15,36,51
2023,3,Cordillera,10,Juan de Mena,1,Urbana,Oficial,156,176,332
2023,3,Cordillera,10,Juan de Mena,2,Rural,Privado Subvencionado,32,34,66
2023,3,Cordillera,10,Juan de Mena,2,Rural,Oficial,687,681,1368
2023,3,Cordillera,11,Loma Grande,2,Rural,Oficial,92,79,171
2023,3,Cordillera,11,Loma Grande,1,Urbana,Oficial,323,334,657
2023,3,Cordillera,12,Mbocayaty del Yhaguy,2,Rural,Oficial,258,254,512
2023,3,Cordillera,12,Mbocayaty del Yhaguy,1,Urbana,Oficial,64,72,136
2023,3,Cordillera,13,Nueva Colombia,2,Rural,Oficial,246,234,480
2023,3,Cordillera,13,Nueva Colombia,1,Urbana,Oficial,247,225,472
2023,3,Cordillera,14,Piribebuy,2,Rural,Oficial,1339,1355,2694
2023,3,Cordillera,14,Piribebuy,1,Urbana,Privado Subvencionado,170,173,343
2023,3,Cordillera,14,Piribebuy,1,Urbana,Privado,67,89,156
2023,3,Cordillera,14,Piribebuy,1,Urbana,Oficial,1646,1450,3096
2023,3,Cordillera,16,San Bernardino,1,Urbana,Privado,22,24,46
2023,3,Cordillera,16,San Bernardino,2,Rural,Oficial,448,379,827
2023,3,Cordillera,16,San Bernardino,1,Urbana,Privado Subvencionado,95,120,215
2023,3,Cordillera,16,San Bernardino,1,Urbana,Oficial,755,798,1553
2023,3,Cordillera,20,San José Obrero,2,Rural,Oficial,119,107,226
2023,3,Cordillera,20,San José Obrero,1,Urbana,Oficial,78,88,166
2023,3,Cordillera,17,Santa Elena,2,Rural,Oficial,224,181,405
2023,3,Cordillera,17,Santa Elena,1,Urbana,Oficial,209,213,422
2023,3,Cordillera,17,Santa Elena,1,Urbana,Privado Subvencionado,52,50,102
2023,3,Cordillera,18,Tobatí,2,Rural,Oficial,1303,1170,2473
2023,3,Cordillera,18,Tobatí,1,Urbana,Privado Subvencionado,46,46,92
2023,3,Cordillera,18,Tobatí,1,Urbana,Privado,54,84,138
2023,3,Cordillera,18,Tobatí,1,Urbana,Oficial,2199,2090,4289
2023,3,Cordillera,19,Valenzuela,1,Urbana,Privado Subvencionado,71,69,140
2023,3,Cordillera,19,Valenzuela,1,Urbana,Oficial,227,250,477
2023,3,Cordillera,19,Valenzuela,2,Rural,Oficial,372,307,679
2023,4,Guairá,2,Borja,2,Rural,Oficial,941,884,1825
2023,4,Guairá,2,Borja,1,Urbana,Oficial,78,83,161
2023,4,Guairá,4,Coronel Martínez,2,Rural,Oficial,187,136,323
2023,4,Guairá,4,Coronel Martínez,1,Urbana,Oficial,354,444,798
2023,4,Guairá,16,Dr. Bottrell,2,Rural,Oficial,35,32,67
2023,4,Guairá,16,Dr. Bottrell,1,Urbana,Oficial,119,105,224
2023,4,Guairá,5,Félix Pérez Cardozo,1,Urbana,Oficial,232,189,421
2023,4,Guairá,5,Félix Pérez Cardozo,2,Rural,Oficial,260,266,526
2023,4,Guairá,6,General Eugenio A. Garay,1,Urbana,Oficial,145,128,273
2023,4,Guairá,6,General Eugenio A. Garay,2,Rural,Oficial,595,567,1162
2023,4,Guairá,7,Independencia,2,Rural,Privado,110,105,215
2023,4,Guairá,7,Independencia,1,Urbana,Oficial,510,518,1028
2023,4,Guairá,7,Independencia,1,Urbana,Privado Subvencionado,89,57,146
2023,4,Guairá,7,Independencia,2,Rural,Oficial,1818,1756,3574
2023,4,Guairá,7,Independencia,2,Rural,Privado Subvencionado,253,243,496
2023,4,Guairá,8,Itapé,1,Urbana,Privado Subvencionado,151,192,343
2023,4,Guairá,8,Itapé,1,Urbana,Oficial,151,119,270
2023,4,Guairá,8,Itapé,2,Rural,Oficial,383,348,731
2023,4,Guairá,9,Iturbe,1,Urbana,Privado,17,24,41
2023,4,Guairá,9,Iturbe,2,Rural,Oficial,222,216,438
2023,4,Guairá,9,Iturbe,1,Urbana,Privado Subvencionado,2,6,8
2023,4,Guairá,9,Iturbe,1,Urbana,Oficial,567,607,1174
2023,4,Guairá,10,José Fassardi,1,Urbana,Oficial,124,126,250
2023,4,Guairá,10,José Fassardi,2,Rural,Oficial,505,493,998
2023,4,Guairá,3,Mauricio José Troche,1,Urbana,Privado Subvencionado,234,234,468
2023,4,Guairá,3,Mauricio José Troche,1,Urbana,Oficial,356,324,680
2023,4,Guairá,3,Mauricio José Troche,2,Rural,Oficial,550,511,1061
2023,4,Guairá,11,Mbocayaty,1,Urbana,Privado Subvencionado,153,147,300
2023,4,Guairá,11,Mbocayaty,2,Rural,Oficial,360,333,693
2023,4,Guairá,11,Mbocayaty,2,Rural,Privado Subvencionado,46,37,83
2023,4,Guairá,11,Mbocayaty,1,Urbana,Oficial,371,328,699
2023,4,Guairá,11,Mbocayaty,1,Urbana,Privado,8,65,73
2023,4,Guairá,12,Natalicio Talavera,1,Urbana,Oficial,365,327,692
2023,4,Guairá,12,Natalicio Talavera,2,Rural,Oficial,151,136,287
2023,4,Guairá,13,Ñumí,1,Urbana,Privado,21,65,86
2023,4,Guairá,13,Ñumí,1,Urbana,Oficial,220,200,420
2023,4,Guairá,13,Ñumí,2,Rural,Oficial,134,113,247
2023,4,Guairá,17,Paso Yobai,2,Rural,Privado,20,24,44
2023,4,Guairá,17,Paso Yobai,1,Urbana,Oficial,499,507,1006
2023,4,Guairá,17,Paso Yobai,2,Rural,Oficial,2138,2084,4222
2023,4,Guairá,14,San Salvador,2,Rural,Oficial,78,85,163
2023,4,Guairá,14,San Salvador,1,Urbana,Privado,6,40,46
2023,4,Guairá,14,San Salvador,1,Urbana,Oficial,103,102,205
2023,4,Guairá,14,San Salvador,1,Urbana,Privado Subvencionado,99,110,209
2023,4,Guairá,18,Tebicuary,1,Urbana,Oficial,208,248,456
2023,4,Guairá,18,Tebicuary,2,Rural,Oficial,70,101,171
2023,4,Guairá,1,Villarrica,1,Urbana,Privado Subvencionado,1921,2079,4000
2023,4,Guairá,1,Villarrica,1,Urbana,Oficial,4594,4367,8961
2023,4,Guairá,1,Villarrica,1,Urbana,Privado,181,211,392
2023,4,Guairá,1,Villarrica,2,Rural,Oficial,1340,1256,2596
2023,4,Guairá,15,Yataity,2,Rural,Oficial,148,157,305
2023,4,Guairá,15,Yataity,1,Urbana,Oficial,253,260,513
2023,7,Itapúa,25,Alto Verá,1,Urbana,Oficial,144,119,263
2023,7,Itapúa,25,Alto Verá,2,Rural,Oficial,1474,1306,2780
2023,7,Itapúa,2,Bella Vista,2,Rural,Oficial,398,344,742
2023,7,Itapúa,2,Bella Vista,1,Urbana,Privado,97,125,222
2023,7,Itapúa,2,Bella Vista,1,Urbana,Oficial,580,615,1195
2023,7,Itapúa,2,Bella Vista,2,Rural,Privado Subvencionado,108,119,227
2023,7,Itapúa,2,Bella Vista,2,Rural,Privado,69,36,105
2023,7,Itapúa,3,Cambyretá,1,Urbana,Oficial,2098,2068,4166
2023,7,Itapúa,3,Cambyretá,2,Rural,Privado Subvencionado,104,118,222
2023,7,Itapúa,3,Cambyretá,2,Rural,Oficial,2228,2162,4390
2023,7,Itapúa,4,Capitán Meza,2,Rural,Privado Subvencionado,90,106,196
2023,7,Itapúa,4,Capitán Meza,1,Urbana,Oficial,243,263,506
2023,7,Itapúa,4,Capitán Meza,2,Rural,Oficial,729,656,1385
2023,7,Itapúa,5,Capitán Miranda,1,Urbana,Privado,42,43,85
2023,7,Itapúa,5,Capitán Miranda,2,Rural,Oficial,523,469,992
2023,7,Itapúa,5,Capitán Miranda,2,Rural,Privado,0,12,12
2023,7,Itapúa,5,Capitán Miranda,1,Urbana,Oficial,656,630,1286
2023,7,Itapúa,9,Carlos Antonio López,2,Rural,Privado,28,13,41
2023,7,Itapúa,9,Carlos Antonio López,2,Rural,Oficial,1265,1250,2515
2023,7,Itapúa,9,Carlos Antonio López,1,Urbana,Privado,9,40,49
2023,7,Itapúa,9,Carlos Antonio López,1,Urbana,Oficial,369,367,736
2023,7,Itapúa,9,Carlos Antonio López,2,Rural,Privado Subvencionado,53,51,104
2023,7,Itapúa,7,Carmen del Paraná,1,Urbana,Oficial,433,444,877
2023,7,Itapúa,7,Carmen del Paraná,1,Urbana,Privado Subvencionado,164,158,322
2023,7,Itapúa,7,Carmen del Paraná,2,Rural,Oficial,143,163,306
2023,7,Itapúa,8,Coronel Bogado,1,Urbana,Oficial,1170,1102,2272
2023,7,Itapúa,8,Coronel Bogado,1,Urbana,Privado,132,129,261
2023,7,Itapúa,8,Coronel Bogado,1,Urbana,Privado Subvencionado,307,350,657
2023,7,Itapúa,8,Coronel Bogado,2,Rural,Oficial,368,324,692
2023,7,Itapúa,23,Edelira,1,Urbana,Privado,64,110,174
2023,7,Itapúa,23,Edelira,2,Rural,Privado Subvencionado,47,40,87
2023,7,Itapúa,23,Edelira,2,Rural,Oficial,2096,2060,4156
2023,7,Itapúa,23,Edelira,1,Urbana,Privado Subvencionado,208,176,384
2023,7,Itapúa,23,Edelira,1,Urbana,Oficial,48,51,99
2023,7,Itapúa,1,Encarnación,1,Urbana,Oficial,8744,8340,17084
2023,7,Itapúa,1,Encarnación,1,Urbana,Privado,2658,3086,5744
2023,7,Itapúa,1,Encarnación,1,Urbana,Privado Subvencionado,1655,1595,3250
2023,7,Itapúa,1,Encarnación,2,Rural,Oficial,1597,1657,3254
2023,7,Itapúa,11,Fram,1,Urbana,Oficial,527,462,989
2023,7,Itapúa,11,Fram,2,Rural,Oficial,128,114,242
2023,7,Itapúa,11,Fram,1,Urbana,Privado Subvencionado,270,309,579
2023,7,Itapúa,11,Fram,1,Urbana,Privado,62,67,129
2023,7,Itapúa,12,General Artigas,1,Urbana,Oficial,676,639,1315
2023,7,Itapúa,12,General Artigas,2,Rural,Oficial,279,257,536
2023,7,Itapúa,12,General Artigas,1,Urbana,Privado,6,22,28
2023,7,Itapúa,13,General Delgado,1,Urbana,Oficial,145,115,260
2023,7,Itapúa,13,General Delgado,2,Rural,Privado Subvencionado,134,113,247
2023,7,Itapúa,13,General Delgado,1,Urbana,Privado Subvencionado,152,149,301
2023,7,Itapúa,13,General Delgado,2,Rural,Oficial,210,198,408
2023,7,Itapúa,14,Hohenau,1,Urbana,Privado Subvencionado,148,141,289
2023,7,Itapúa,14,Hohenau,2,Rural,Oficial,447,442,889
2023,7,Itapúa,14,Hohenau,1,Urbana,Privado,326,331,657
2023,7,Itapúa,14,Hohenau,1,Urbana,Oficial,594,575,1169
2023,7,Itapúa,30,Itapúa Poty,1,Urbana,Oficial,244,296,540
2023,7,Itapúa,30,Itapúa Poty,2,Rural,Oficial,1037,1015,2052
2023,7,Itapúa,30,Itapúa Poty,1,Urbana,Privado,26,61,87
2023,7,Itapúa,15,Jesús,2,Rural,Oficial,69,56,125
2023,7,Itapúa,15,Jesús,1,Urbana,Oficial,259,288,547
2023,7,Itapúa,15,Jesús,1,Urbana,Privado Subvencionado,182,198,380
2023,7,Itapúa,16,José Leandro Oviedo,2,Rural,Oficial,171,165,336
2023,7,Itapúa,16,José Leandro Oviedo,1,Urbana,Oficial,112,76,188
2023,7,Itapúa,26,La Paz,1,Urbana,Oficial,295,273,568
2023,7,Itapúa,26,La Paz,2,Rural,Oficial,57,53,110
2023,7,Itapúa,18,Mayor Julio Dionisio Otaño,1,Urbana,Oficial,677,742,1419
2023,7,Itapúa,18,Mayor Julio Dionisio Otaño,2,Rural,Oficial,479,499,978
2023,7,Itapúa,18,Mayor Julio Dionisio Otaño,1,Urbana,Privado Subvencionado,152,164,316
2023,7,Itapúa,18,Mayor Julio Dionisio Otaño,1,Urbana,Privado,5,37,42
2023,7,Itapúa,10,Natalio,1,Urbana,Privado,0,31,31
2023,7,Itapúa,10,Natalio,1,Urbana,Oficial,659,689,1348
2023,7,Itapúa,10,Natalio,2,Rural,Privado,6,48,54
2023,7,Itapúa,10,Natalio,2,Rural,Oficial,1218,1218,2436
2023,7,Itapúa,10,Natalio,1,Urbana,Privado Subvencionado,52,45,97
2023,7,Itapúa,6,Nueva Alborada,2,Rural,Oficial,472,386,858
2023,7,Itapúa,6,Nueva Alborada,1,Urbana,Oficial,90,110,200
2023,7,Itapúa,17,Obligado,1,Urbana,Privado,259,196,455
2023,7,Itapúa,17,Obligado,1,Urbana,Privado Subvencionado,413,432,845
2023,7,Itapúa,17,Obligado,2,Rural,Oficial,375,379,754
2023,7,Itapúa,17,Obligado,2,Rural,Privado,5,8,13
2023,7,Itapúa,17,Obligado,2,Rural,Privado Subvencionado,49,26,75
2023,7,Itapúa,17,Obligado,1,Urbana,Oficial,595,536,1131
2023,7,Itapúa,29,Pirapó,2,Rural,Privado Subvencionado,7,11,18
2023,7,Itapúa,29,Pirapó,1,Urbana,Oficial,305,305,610
2023,7,Itapúa,29,Pirapó,1,Urbana,Privado,11,26,37
2023,7,Itapúa,29,Pirapó,1,Urbana,Privado Subvencionado,112,126,238
2023,7,Itapúa,29,Pirapó,2,Rural,Oficial,214,216,430
2023,7,Itapúa,19,San Cosme y Damián,1,Urbana,Oficial,352,346,698
2023,7,Itapúa,19,San Cosme y Damián,2,Rural,Oficial,562,483,1045
2023,7,Itapúa,28,San Juan del  Paraná,2,Rural,Oficial,657,657,1314
2023,7,Itapúa,28,San Juan del  Paraná,1,Urbana,Oficial,474,502,976
2023,7,Itapúa,20,San Pedro del Paraná,2,Rural,Oficial,1942,1822,3764
2023,7,Itapúa,20,San Pedro del Paraná,1,Urbana,Oficial,610,498,1108
2023,7,Itapúa,20,San Pedro del Paraná,1,Urbana,Privado Subvencionado,191,219,410
2023,7,Itapúa,21,San Rafael del Paraná,1,Urbana,Privado,0,12,12
2023,7,Itapúa,21,San Rafael del Paraná,1,Urbana,Oficial,114,142,256
2023,7,Itapúa,21,San Rafael del Paraná,2,Rural,Privado,41,41,82
2023,7,Itapúa,21,San Rafael del Paraná,2,Rural,Oficial,1616,1636,3252
2023,7,Itapúa,24,Tomás Romero Pereira,2,Rural,Oficial,2049,1874,3923
2023,7,Itapúa,24,Tomás Romero Pereira,2,Rural,Privado,14,13,27
2023,7,Itapúa,24,Tomás Romero Pereira,1,Urbana,Privado Subvencionado,526,546,1072
2023,7,Itapúa,24,Tomás Romero Pereira,1,Urbana,Privado,57,83,140
2023,7,Itapúa,24,Tomás Romero Pereira,1,Urbana,Oficial,886,919,1805
2023,7,Itapúa,22,Trinidad,2,Rural,Privado Subvencionado,16,10,26
2023,7,Itapúa,22,Trinidad,1,Urbana,Oficial,392,400,792
2023,7,Itapúa,22,Trinidad,2,Rural,Oficial,519,504,1023
2023,7,Itapúa,27,Yatytay,2,Rural,Oficial,453,404,857
2023,7,Itapúa,27,Yatytay,1,Urbana,Privado,0,14,14
2023,7,Itapúa,27,Yatytay,1,Urbana,Oficial,609,597,1206
2023,8,Misiones,2,Ayolas,1,Urbana,Privado,103,198,301
2023,8,Misiones,2,Ayolas,1,Urbana,Privado Subvencionado,48,50,98
2023,8,Misiones,2,Ayolas,2,Rural,Oficial,365,336,701
2023,8,Misiones,2,Ayolas,1,Urbana,Oficial,1754,1865,3619
2023,8,Misiones,3,San Ignacio,2,Rural,Privado Subvencionado,55,27,82
2023,8,Misiones,3,San Ignacio,1,Urbana,Oficial,2352,2484,4836
2023,8,Misiones,3,San Ignacio,1,Urbana,Privado,107,138,245
2023,8,Misiones,3,San Ignacio,1,Urbana,Privado Subvencionado,353,370,723
2023,8,Misiones,3,San Ignacio,2,Rural,Oficial,1011,1033,2044
2023,8,Misiones,1,San Juan Bautista,2,Rural,Oficial,627,527,1154
2023,8,Misiones,1,San Juan Bautista,1,Urbana,Privado,140,191,331
2023,8,Misiones,1,San Juan Bautista,1,Urbana,Privado Subvencionado,412,427,839
2023,8,Misiones,1,San Juan Bautista,1,Urbana,Oficial,1529,1303,2832
2023,8,Misiones,4,San Miguel,2,Rural,Oficial,424,380,804
2023,8,Misiones,4,San Miguel,1,Urbana,Oficial,186,199,385
2023,8,Misiones,5,San Patricio,2,Rural,Oficial,134,115,249
2023,8,Misiones,5,San Patricio,1,Urbana,Oficial,269,262,531
2023,8,Misiones,6,Santa María,1,Urbana,Privado Subvencionado,30,32,62
2023,8,Misiones,6,Santa María,2,Rural,Oficial,462,424,886
2023,8,Misiones,6,Santa María,1,Urbana,Oficial,486,514,1000
2023,8,Misiones,7,Santa Rosa,1,Urbana,Privado,14,44,58
2023,8,Misiones,7,Santa Rosa,2,Rural,Oficial,805,780,1585
2023,8,Misiones,7,Santa Rosa,1,Urbana,Privado Subvencionado,232,297,529
2023,8,Misiones,7,Santa Rosa,1,Urbana,Oficial,881,861,1742
2023,8,Misiones,8,Santiago,1,Urbana,Privado Subvencionado,25,20,45
2023,8,Misiones,8,Santiago,1,Urbana,Oficial,327,319,646
2023,8,Misiones,8,Santiago,2,Rural,Oficial,308,310,618
2023,8,Misiones,9,Villa Florida,1,Urbana,Oficial,407,379,786
2023,8,Misiones,10,Yabebyry,2,Rural,Oficial,80,113,193
2023,8,Misiones,10,Yabebyry,1,Urbana,Oficial,207,169,376
2023,12,Ñeembucú,2,Alberdi,2,Rural,Oficial,62,65,127
2023,12,Ñeembucú,2,Alberdi,1,Urbana,Oficial,767,816,1583
2023,12,Ñeembucú,2,Alberdi,1,Urbana,Privado Subvencionado,109,116,225
2023,12,Ñeembucú,3,Cerrito,1,Urbana,Oficial,306,295,601
2023,12,Ñeembucú,3,Cerrito,2,Rural,Oficial,134,110,244
2023,12,Ñeembucú,4,Desmochados,2,Rural,Oficial,14,20,34
2023,12,Ñeembucú,4,Desmochados,1,Urbana,Oficial,56,54,110
2023,12,Ñeembucú,5,General José Eduvigis Díaz,2,Rural,Oficial,103,99,202
2023,12,Ñeembucú,5,General José Eduvigis Díaz,1,Urbana,Oficial,183,186,369
2023,12,Ñeembucú,6,Guazú Cuá,1,Urbana,Oficial,68,54,122
2023,12,Ñeembucú,6,Guazú Cuá,2,Rural,Oficial,27,26,53
2023,12,Ñeembucú,7,Humaitá,1,Urbana,Oficial,192,183,375
2023,12,Ñeembucú,7,Humaitá,2,Rural,Oficial,35,33,68
2023,12,Ñeembucú,8,Isla Umbú,2,Rural,Oficial,35,36,71
2023,12,Ñeembucú,8,Isla Umbú,1,Urbana,Oficial,137,124,261
2023,12,Ñeembucú,9,Laureles,2,Rural,Oficial,62,59,121
2023,12,Ñeembucú,9,Laureles,1,Urbana,Oficial,130,131,261
2023,12,Ñeembucú,10,Mayor Martínez,2,Rural,Oficial,138,131,269
2023,12,Ñeembucú,10,Mayor Martínez,1,Urbana,Oficial,131,148,279
2023,12,Ñeembucú,11,Paso de Patria,1,Urbana,Oficial,143,157,300
2023,12,Ñeembucú,11,Paso de Patria,2,Rural,Oficial,8,3,11
2023,12,Ñeembucú,1,Pilar,2,Rural,Oficial,109,120,229
2023,12,Ñeembucú,1,Pilar,1,Urbana,Oficial,1943,2024,3967
2023,12,Ñeembucú,1,Pilar,1,Urbana,Privado,42,88,130
2023,12,Ñeembucú,1,Pilar,1,Urbana,Privado Subvencionado,1771,1972,3743
2023,12,Ñeembucú,12,San Juan Bautista,1,Urbana,Oficial,190,213,403
2023,12,Ñeembucú,12,San Juan Bautista,2,Rural,Oficial,193,227,420
2023,12,Ñeembucú,13,Tacuaras,2,Rural,Oficial,204,206,410
2023,12,Ñeembucú,13,Tacuaras,1,Urbana,Oficial,117,99,216
2023,12,Ñeembucú,14,Villa Franca,2,Rural,Oficial,6,7,13
2023,12,Ñeembucú,14,Villa Franca,1,Urbana,Oficial,86,87,173
2023,12,Ñeembucú,16,Villalbín,2,Rural,Oficial,115,116,231
2023,12,Ñeembucú,16,Villalbín,1,Urbana,Oficial,55,73,128
2023,12,Ñeembucú,15,Villa Oliva,1,Urbana,Oficial,167,169,336
2023,12,Ñeembucú,15,Villa Oliva,2,Rural,Oficial,220,211,431
2023,9,Paraguarí,2,Acahay,1,Urbana,Oficial,627,618,1245
2023,9,Paraguarí,2,Acahay,2,Rural,Oficial,976,892,1868
2023,9,Paraguarí,2,Acahay,1,Urbana,Privado Subvencionado,9,52,61
2023,9,Paraguarí,3,Caapucú,1,Urbana,Oficial,267,230,497
2023,9,Paraguarí,3,Caapucú,2,Rural,Oficial,368,273,641
2023,9,Paraguarí,3,Caapucú,1,Urbana,Privado Subvencionado,53,53,106
2023,9,Paraguarí,3,Caapucú,1,Urbana,Privado,12,20,32
2023,9,Paraguarí,5,Carapeguá,1,Urbana,Privado Subvencionado,564,601,1165
2023,9,Paraguarí,5,Carapeguá,1,Urbana,Privado,21,73,94
2023,9,Paraguarí,5,Carapeguá,1,Urbana,Oficial,1014,1121,2135
2023,9,Paraguarí,5,Carapeguá,2,Rural,Oficial,1881,1733,3614
2023,9,Paraguarí,6,Escobar,2,Rural,Oficial,400,383,783
2023,9,Paraguarí,6,Escobar,1,Urbana,Oficial,200,179,379
2023,9,Paraguarí,4,General Bernardino Caballero,2,Rural,Oficial,380,344,724
2023,9,Paraguarí,4,General Bernardino Caballero,1,Urbana,Oficial,197,189,386
2023,9,Paraguarí,7,La Colmena,2,Rural,Oficial,155,146,301
2023,9,Paraguarí,7,La Colmena,1,Urbana,Privado Subvencionado,180,134,314
2023,9,Paraguarí,7,La Colmena,1,Urbana,Oficial,391,387,778
2023,9,Paraguarí,18,Maria Antonia,2,Rural,Oficial,405,406,811
2023,9,Paraguarí,8,Mbuyapey,2,Rural,Oficial,447,401,848
2023,9,Paraguarí,8,Mbuyapey,1,Urbana,Oficial,424,470,894
2023,9,Paraguarí,8,Mbuyapey,1,Urbana,Privado,39,53,92
2023,9,Paraguarí,8,Mbuyapey,1,Urbana,Privado Subvencionado,60,65,125
2023,9,Paraguarí,1,Paraguarí,1,Urbana,Oficial,1331,1163,2494
2023,9,Paraguarí,1,Paraguarí,1,Urbana,Privado,100,101,201
2023,9,Paraguarí,1,Paraguarí,1,Urbana,Privado Subvencionado,793,876,1669
2023,9,Paraguarí,1,Paraguarí,2,Rural,Oficial,756,692,1448
2023,9,Paraguarí,1,Paraguarí,2,Rural,Privado Subvencionado,42,148,190
2023,9,Paraguarí,9,Pirayú,1,Urbana,Privado Subvencionado,307,336,643
2023,9,Paraguarí,9,Pirayú,2,Rural,Oficial,1322,1184,2506
2023,9,Paraguarí,9,Pirayú,1,Urbana,Oficial,606,606,1212
2023,9,Paraguarí,10,Quiindy,2,Rural,Oficial,785,730,1515
2023,9,Paraguarí,10,Quiindy,1,Urbana,Oficial,915,918,1833
2023,9,Paraguarí,11,Quyquyhó,1,Urbana,Privado,1,49,50
2023,9,Paraguarí,11,Quyquyhó,2,Rural,Oficial,266,273,539
2023,9,Paraguarí,11,Quyquyhó,1,Urbana,Oficial,242,229,471
2023,9,Paraguarí,12,San Roque González de Santacruz,1,Urbana,Privado,7,13,20
2023,9,Paraguarí,12,San Roque González de Santacruz,1,Urbana,Oficial,453,428,881
2023,9,Paraguarí,12,San Roque González de Santacruz,2,Rural,Oficial,614,529,1143
2023,9,Paraguarí,13,Sapucai,2,Rural,Oficial,358,302,660
2023,9,Paraguarí,13,Sapucai,1,Urbana,Oficial,287,294,581
2023,9,Paraguarí,14,Tebicuary-mí,2,Rural,Oficial,308,297,605
2023,9,Paraguarí,14,Tebicuary-mí,1,Urbana,Oficial,91,67,158
2023,9,Paraguarí,15,Yaguarón,1,Urbana,Oficial,1771,1721,3492
2023,9,Paraguarí,15,Yaguarón,1,Urbana,Privado Subvencionado,173,209,382
2023,9,Paraguarí,15,Yaguarón,2,Rural,Oficial,1845,1679,3524
2023,9,Paraguarí,15,Yaguarón,1,Urbana,Privado,22,37,59
2023,9,Paraguarí,16,Ybycuí,1,Urbana,Privado Subvencionado,373,416,789
2023,9,Paraguarí,16,Ybycuí,1,Urbana,Oficial,651,671,1322
2023,9,Paraguarí,16,Ybycuí,2,Rural,Oficial,1385,1250,2635
2023,9,Paraguarí,16,Ybycuí,1,Urbana,Privado,27,75,102
2023,9,Paraguarí,16,Ybycuí,2,Rural,Privado,53,49,102
2023,9,Paraguarí,17,Ybytymí,1,Urbana,Oficial,188,150,338
2023,9,Paraguarí,17,Ybytymí,2,Rural,Oficial,406,370,776
2023,15,Presidente Hayes,2,Benjamín Aceval,2,Rural,Oficial,1486,1458,2944
2023,15,Presidente Hayes,2,Benjamín Aceval,2,Rural,Privado Subvencionado,496,470,966
2023,15,Presidente Hayes,2,Benjamín Aceval,1,Urbana,Oficial,646,633,1279
2023,15,Presidente Hayes,2,Benjamín Aceval,1,Urbana,Privado,123,111,234
2023,15,Presidente Hayes,2,Benjamín Aceval,1,Urbana,Privado Subvencionado,515,512,1027
2023,15,Presidente Hayes,2,Benjamín Aceval,2,Rural,Privado,199,135,334
2023,15,Presidente Hayes,10,Campo Aceval,2,Rural,Privado,230,244,474
2023,15,Presidente Hayes,10,Campo Aceval,2,Rural,Privado Subvencionado,6,14,20
2023,15,Presidente Hayes,10,Campo Aceval,2,Rural,Oficial,378,358,736
2023,15,Presidente Hayes,9,General Bruguez,1,Urbana,Oficial,80,86,166
2023,15,Presidente Hayes,9,General Bruguez,2,Rural,Oficial,98,83,181
2023,15,Presidente Hayes,6,José Falcón,1,Urbana,Oficial,141,131,272
2023,15,Presidente Hayes,6,José Falcón,2,Rural,Oficial,323,327,650
2023,15,Presidente Hayes,5,Nanawa,1,Urbana,Privado Subvencionado,194,217,411
2023,15,Presidente Hayes,5,Nanawa,1,Urbana,Oficial,293,277,570
2023,15,Presidente Hayes,11,Nueva Asunción,2,Rural,Oficial,278,258,536
2023,15,Presidente Hayes,3,Puerto Pinasco,2,Rural,Oficial,560,483,1043
2023,15,Presidente Hayes,3,Puerto Pinasco,2,Rural,Privado,69,76,145
2023,15,Presidente Hayes,3,Puerto Pinasco,2,Rural,Privado Subvencionado,12,5,17
2023,15,Presidente Hayes,3,Puerto Pinasco,1,Urbana,Oficial,289,264,553
2023,15,Presidente Hayes,7,Teniente Irala Fernández,1,Urbana,Privado,40,18,58
2023,15,Presidente Hayes,7,Teniente Irala Fernández,1,Urbana,Privado Subvencionado,101,101,202
2023,15,Presidente Hayes,7,Teniente Irala Fernández,2,Rural,Oficial,1340,1219,2559
2023,15,Presidente Hayes,7,Teniente Irala Fernández,2,Rural,Privado,162,180,342
2023,15,Presidente Hayes,7,Teniente Irala Fernández,2,Rural,Privado Subvencionado,70,60,130
2023,15,Presidente Hayes,7,Teniente Irala Fernández,1,Urbana,Oficial,41,59,100
2023,15,Presidente Hayes,8,Tte. Esteban Martínez,2,Rural,Oficial,66,82,148
2023,15,Presidente Hayes,8,Tte. Esteban Martínez,1,Urbana,Oficial,61,51,112
2023,15,Presidente Hayes,8,Tte. Esteban Martínez,2,Rural,Privado Subvencionado,28,27,55
2023,15,Presidente Hayes,4,Villa Hayes,1,Urbana,Privado,180,204,384
2023,15,Presidente Hayes,4,Villa Hayes,1,Urbana,Oficial,1943,2086,4029
2023,15,Presidente Hayes,4,Villa Hayes,2,Rural,Privado Subvencionado,539,563,1102
2023,15,Presidente Hayes,4,Villa Hayes,2,Rural,Privado,40,46,86
2023,15,Presidente Hayes,4,Villa Hayes,2,Rural,Oficial,3028,3002,6030
2023,15,Presidente Hayes,4,Villa Hayes,1,Urbana,Privado Subvencionado,778,811,1589
2023,2,San Pedro,12,25 de Diciembre,1,Urbana,Oficial,227,195,422
2023,2,San Pedro,12,25 de Diciembre,2,Rural,Oficial,957,938,1895
2023,2,San Pedro,2,Antequera,2,Rural,Oficial,71,43,114
2023,2,San Pedro,2,Antequera,1,Urbana,Oficial,634,629,1263
2023,2,San Pedro,17,Capiibary,1,Urbana,Privado,31,55,86
2023,2,San Pedro,17,Capiibary,1,Urbana,Oficial,1260,1268,2528
2023,2,San Pedro,17,Capiibary,1,Urbana,Privado Subvencionado,127,121,248
2023,2,San Pedro,17,Capiibary,2,Rural,Oficial,3637,3507,7144
2023,2,San Pedro,3,Choré,1,Urbana,Privado Subvencionado,219,240,459
2023,2,San Pedro,3,Choré,1,Urbana,Oficial,523,542,1065
2023,2,San Pedro,3,Choré,1,Urbana,Privado,89,86,175
2023,2,San Pedro,3,Choré,2,Rural,Oficial,2708,2478,5186
2023,2,San Pedro,4,General Elizardo Aquino,1,Urbana,Oficial,482,485,967
2023,2,San Pedro,4,General Elizardo Aquino,1,Urbana,Privado,10,29,39
2023,2,San Pedro,4,General Elizardo Aquino,1,Urbana,Privado Subvencionado,144,150,294
2023,2,San Pedro,4,General Elizardo Aquino,2,Rural,Oficial,2021,1877,3898
2023,2,San Pedro,14,General Isidoro Resquín,2,Rural,Oficial,1101,1033,2134
2023,2,San Pedro,14,General Isidoro Resquín,1,Urbana,Oficial,487,425,912
2023,2,San Pedro,14,General Isidoro Resquín,2,Rural,Privado Subvencionado,33,22,55
2023,2,San Pedro,16,Guayaibi,2,Rural,Oficial,3314,3139,6453
2023,2,San Pedro,16,Guayaibi,2,Rural,Privado Subvencionado,35,23,58
2023,2,San Pedro,16,Guayaibi,1,Urbana,Oficial,432,485,917
2023,2,San Pedro,5,Itacurubí del Rosario,2,Rural,Oficial,554,491,1045
2023,2,San Pedro,5,Itacurubí del Rosario,2,Rural,Privado,70,72,142
2023,2,San Pedro,5,Itacurubí del Rosario,1,Urbana,Oficial,677,569,1246
2023,2,San Pedro,5,Itacurubí del Rosario,1,Urbana,Privado Subvencionado,90,108,198
2023,2,San Pedro,20,Liberación,1,Urbana,Privado,47,52,99
2023,2,San Pedro,20,Liberación,1,Urbana,Oficial,538,572,1110
2023,2,San Pedro,20,Liberación,2,Rural,Oficial,2265,2202,4467
2023,2,San Pedro,6,Lima,1,Urbana,Privado Subvencionado,41,41,82
2023,2,San Pedro,6,Lima,2,Rural,Oficial,1146,1099,2245
2023,2,San Pedro,6,Lima,1,Urbana,Oficial,307,275,582
2023,2,San Pedro,7,Nueva Germania,1,Urbana,Oficial,302,310,612
2023,2,San Pedro,7,Nueva Germania,2,Rural,Privado,46,49,95
2023,2,San Pedro,7,Nueva Germania,2,Rural,Oficial,452,378,830
2023,2,San Pedro,8,San Estanislao,1,Urbana,Privado Subvencionado,1252,1412,2664
2023,2,San Pedro,8,San Estanislao,2,Rural,Oficial,3095,3288,6383
2023,2,San Pedro,8,San Estanislao,1,Urbana,Oficial,1658,1546,3204
2023,2,San Pedro,8,San Estanislao,1,Urbana,Privado,453,567,1020
2023,2,San Pedro,22,San José del Rosario,2,Rural,Oficial,386,379,765
2023,2,San Pedro,22,San José del Rosario,2,Rural,Privado,55,42,97
2023,2,San Pedro,9,San Pablo,2,Rural,Oficial,208,167,375
2023,2,San Pedro,9,San Pablo,1,Urbana,Oficial,251,242,493
2023,2,San Pedro,9,San Pablo,2,Rural,Privado Subvencionado,50,55,105
2023,2,San Pedro,1,San Pedro del Ycuamandyjú,1,Urbana,Privado Subvencionado,274,395,669
2023,2,San Pedro,1,San Pedro del Ycuamandyjú,2,Rural,Oficial,2357,2239,4596
2023,2,San Pedro,1,San Pedro del Ycuamandyjú,1,Urbana,Oficial,1849,1686,3535
2023,2,San Pedro,1,San Pedro del Ycuamandyjú,1,Urbana,Privado,86,155,241
2023,2,San Pedro,18,Santa Rosa del Aguaray,2,Rural,Oficial,3949,3750,7699
2023,2,San Pedro,18,Santa Rosa del Aguaray,2,Rural,Privado,29,36,65
2023,2,San Pedro,18,Santa Rosa del Aguaray,1,Urbana,Oficial,1383,1434,2817
2023,2,San Pedro,18,Santa Rosa del Aguaray,1,Urbana,Privado,128,144,272
2023,2,San Pedro,21,San Vicente Pancholo,2,Rural,Privado Subvencionado,279,255,534
2023,2,San Pedro,21,San Vicente Pancholo,1,Urbana,Oficial,47,54,101
2023,2,San Pedro,21,San Vicente Pancholo,2,Rural,Oficial,1476,1343,2819
2023,2,San Pedro,10,Tacuati,2,Rural,Privado Subvencionado,41,37,78
2023,2,San Pedro,10,Tacuati,1,Urbana,Oficial,356,356,712
2023,2,San Pedro,10,Tacuati,2,Rural,Oficial,1592,1571,3163
2023,2,San Pedro,10,Tacuati,2,Rural,Privado,2,2,4
2023,2,San Pedro,11,Unión,2,Rural,Oficial,342,295,637
2023,2,San Pedro,11,Unión,1,Urbana,Oficial,383,338,721
2023,2,San Pedro,13,Villa del Rosario,2,Rural,Oficial,337,311,648
2023,2,San Pedro,13,Villa del Rosario,1,Urbana,Privado,25,34,59
2023,2,San Pedro,13,Villa del Rosario,1,Urbana,Oficial,968,1017,1985
2023,2,San Pedro,15,Yataity del Norte,1,Urbana,Oficial,422,377,799
2023,2,San Pedro,15,Yataity del Norte,2,Rural,Oficial,1006,900,1906
2023,2,San Pedro,19,Yrybucuá,2,Rural,Oficial,1454,1402,2856
2023,2,San Pedro,19,Yrybucuá,1,Urbana,Oficial,260,292,552
2023,2,San Pedro,19,Yrybucuá,2,Rural,Privado Subvencionado,60,45,105
2023,2,San Pedro,19,Yrybucuá,1,Urbana,Privado,66,58,124
